<datapower-configuration version="3">
	<export-details>
		<description>Exported Configuration</description>
		<user>admin</user>
		<domain>Clientes</domain>
		<comment/>
		<product-id>5725</product-id>
		<product>IDG</product>
		<display-product>IDG</display-product>
		<model>IBM DataPower Gateway</model>
		<display-model>IBM DataPower Gateway</display-model>
		<device-name>srvdatapowdes</device-name>
		<serial-number>0000000</serial-number>
		<firmware-version>IDG.2018.4.1.6</firmware-version>
		<display-firmware-version>IDG.2018.4.1.6</display-firmware-version>
		<firmware-build>309660</firmware-build>
		<delivery-type>LTS</delivery-type>
		<firmware-timestamp>2019/06/06 06:33:26</firmware-timestamp>
		<current-date>2022-04-28</current-date>
		<current-time>11:31:18 CDT</current-time>
		<reset-date>2022-04-19</reset-date>
		<reset-time>10:41:59 CDT</reset-time>
		<login-message/>
		<custom-ui-file/>
	</export-details>
	<interface-data>
		<interface name="eth0" type="Ethernet" vers="ipv4" ip-addr="10.10.176.149"/>
		<interface name="eth1" type="Ethernet" vers="ipv4" ip-addr="10.10.176.150"/>
		<interface name="eth2" type="Ethernet" vers="ipv4" ip-addr="10.10.176.160"/>
	</interface-data>
	<configuration domain="Clientes">
		<ControlList name="default-accept-all" xmlns:env="http://www.w3.org/2003/05/soap-envelope" xmlns:dp="http://www.datapower.com/schemas/management">
			<mAdminState>enabled</mAdminState>
			<Type>blacklist</Type>
			<CaseInsensitive>off</CaseInsensitive>
		</ControlList>
		<ControlList name="default-reject-all" xmlns:env="http://www.w3.org/2003/05/soap-envelope" xmlns:dp="http://www.datapower.com/schemas/management">
			<mAdminState>enabled</mAdminState>
			<Type>whitelist</Type>
			<CaseInsensitive>off</CaseInsensitive>
		</ControlList>
		<AssemblyActionInvoke name="AACTION_MSD_PRO_INV_RENOVACION_CONSULTA_CAL" xmlns:env="http://www.w3.org/2003/05/soap-envelope" xmlns:dp="http://www.datapower.com/schemas/management">
			<mAdminState>enabled</mAdminState>
			<ActionDebug persisted="false">off</ActionDebug>
			<Url>https://msd-pro-inv-renovacion-consulta-cal-dinersclub-migracion-cal.apps.din-ros-can-dev.9gqx.p1.openshiftapps.com/renovacionInversion/v1/consultaInversiones</Url>
			<Timeout>60</Timeout>
			<Method>Keep</Method>
			<Compression>off</Compression>
			<CacheType>Protocol</CacheType>
			<TimeToLive>900</TimeToLive>
			<CacheUnsafeResponse>off</CacheUnsafeResponse>
			<FollowRedirects>off</FollowRedirects>
			<StopOnError>off</StopOnError>
			<ErrorTypes>
				<ConnectionError>off</ConnectionError>
				<SOAPError>off</SOAPError>
				<OperationError>off</OperationError>
			</ErrorTypes>
			<Output>message</Output>
			<DecodeRequestParams>off</DecodeRequestParams>
			<EncodePlusChar>off</EncodePlusChar>
			<KeepPayload>off</KeepPayload>
			<InjectUserAgentHeader>on</InjectUserAgentHeader>
			<InjectProxyHeaders>off</InjectProxyHeaders>
			<HeaderControlList class="ControlList">default-accept-all</HeaderControlList>
			<ParameterControlList class="ControlList">default-reject-all</ParameterControlList>
		</AssemblyActionInvoke>
		<APIRule name="RULE_MSD_PRO_INV_RENOVACION_CONSULTA_CAL" xmlns:env="http://www.w3.org/2003/05/soap-envelope" xmlns:dp="http://www.datapower.com/schemas/management">
			<mAdminState>enabled</mAdminState>
			<Actions class="AssemblyActionInvoke">AACTION_MSD_PRO_INV_RENOVACION_CONSULTA_CAL</Actions>
		</APIRule>
		<Assembly name="ASSEMBLY_MSD_PRO_INV_RENOVACION_CONSULTA_CAL" xmlns:env="http://www.w3.org/2003/05/soap-envelope" xmlns:dp="http://www.datapower.com/schemas/management">
			<mAdminState>enabled</mAdminState>
			<Rule class="APIRule">RULE_MSD_PRO_INV_RENOVACION_CONSULTA_CAL</Rule>
		</Assembly>
		<APIPath name="API_PATH_MSD_PRO_INV_RENOVACION_CONSULTA" xmlns:env="http://www.w3.org/2003/05/soap-envelope" xmlns:dp="http://www.datapower.com/schemas/management">
			<mAdminState>enabled</mAdminState>
			<Path>v1/inversion/renovacion/consulta</Path>
		</APIPath>
		<APIDefinition name="API_DEF_MSD_PRO_INV_RENOVACION_CONSULTA_CAL" xmlns:env="http://www.w3.org/2003/05/soap-envelope" xmlns:dp="http://www.datapower.com/schemas/management">
			<mAdminState>enabled</mAdminState>
			<Version>1.0.0</Version>
			<BasePath>/cal</BasePath>
			<Type>standard</Type>
			<Assembly class="Assembly">ASSEMBLY_MSD_PRO_INV_RENOVACION_CONSULTA_CAL</Assembly>
			<Path class="APIPath">API_PATH_MSD_PRO_INV_RENOVACION_CONSULTA</Path>
			<RequireAPIMutualTLS>off</RequireAPIMutualTLS>
			<APIMutualTLSSource>header</APIMutualTLSSource>
			<CORSToggle>on</CORSToggle>
			<ActivityLogToggle>on</ActivityLogToggle>
			<Content>activity</Content>
			<ErrorContent>payload</ErrorContent>
			<MessageBuffering>on</MessageBuffering>
			<DeploymentState>running</DeploymentState>
			<ShareRateLimitCount>unset</ShareRateLimitCount>
		</APIDefinition>
	</configuration>
	<files>
		<file name="webgui:///clixform.xsl" src="dp-aux/clixform.xsl" location="dp-aux" internal="true" hash="JWCmCYFwjG0ku59O8LehfGCkiIM="/>
		<file name="webgui:///SchemaUtil.xsl" src="dp-aux/SchemaUtil.xsl" location="dp-aux" internal="true" hash="ZnCYHBrcIPvfLAXYOIKIL0KXIbo="/>
		<file name="webgui:///management.xsl" src="dp-aux/management.xsl" location="dp-aux" internal="true" hash="pi0c46mGrlbqTpsWjG3QUxFOCYU="/>
		<file name="webgui:///map-dmz.xsl" src="dp-aux/map-dmz.xsl" location="dp-aux" internal="true" hash="S8LbpfukTeInHK2d6DnQfdiZmd4="/>
		<file name="webgui:///drMgmt.xml" src="dp-aux/drMgmt.xml" location="dp-aux" internal="true" hash="709EemsOUSjT1CP5f6unp1Ou4Xw="/>
		<file name="webgui:///basetypes.xml" src="dp-aux/basetypes.xml" location="dp-aux" internal="true" hash="HrLsg2FhC6fPlGYI25NijeP828E="/>
	</files>
</datapower-configuration>