{
  "Effort to target" : {
    "children" : [ {
      "name" : "Efficiency",
      "value" : 0.0
    }, {
      "name" : "Maintainability",
      "value" : 0.2
    }, {
      "name" : "Portability",
      "value" : 0.0
    }, {
      "name" : "Reliability",
      "value" : 0.0
    }, {
      "name" : "Security",
      "value" : 0.0
    } ],
    "value" : 0.2
  },
  "Main metrics" : [ {
    "name" : "Duplicated code",
    "value" : 0.0
  }, {
    "name" : "Total defects",
    "value" : 21.0
  }, {
    "name" : "Very high defects",
    "value" : 0.0
  }, {
    "name" : "Supressed defects",
    "value" : 0.0
  }, {
    "name" : "Files",
    "value" : 36.0
  }, {
    "name" : "Lines of code",
    "value" : 699.0
  }, {
    "name" : "Complexity",
    "value" : 0.9032258064516129
  } ],
  "Quality indicator" : {
    "children" : [ {
      "name" : "Efficiency",
      "value" : 99.95459018959201
    }, {
      "name" : "Maintainability",
      "value" : 80.25211543788794
    }, {
      "name" : "Portability",
      "value" : 100.0
    }, {
      "name" : "Reliability",
      "value" : 99.15146908954135
    }, {
      "name" : "Security",
      "value" : 99.82917361242738
    } ],
    "value" : 95.16196053291402
  },
  "Risk index" : {
    "children" : [ {
      "name" : "Efficiency",
      "value" : 0.0
    }, {
      "name" : "Maintainability",
      "value" : 0.016212179071739552
    }, {
      "name" : "Portability",
      "value" : 0.0
    }, {
      "name" : "Reliability",
      "value" : 0.0
    }, {
      "name" : "Security",
      "value" : 0.0
    } ],
    "value" : 0.011530224855926807
  },
  "Security" : {
    "Rating" : 3.0,
    "Effort" : {
      "3Stars" : 0.0,
      "5Stars" : 1.3,
      "2Stars" : 0.0,
      "4Stars" : 1.3
    },
    "Vulnerabilities" : {
      "High" : 0.0,
      "Low" : 0.0,
      "VeryHigh" : 0.0,
      "Total" : 5,
      "Normal" : 5.0,
      "VeryLow" : 0.0
    }
  },
  "analysisBusinessValue" : "CRITICAL",
  "analysisCode" : "A-7e5-1789f6363ca",
  "analysisPortfolios" : {
  },
  "analysisScope" : "Baseline",
  "analysisStatus" : "FINISHED",
  "analysisURL" : "https://www.kiuwan.com/saas/web/dashboard/dashboard#$pe=$sei=248976$mi=dashboard$ac=A-7e5-1789f6363ca",
  "applicationBusinessValue" : "CRITICAL",
  "applicationPortfolios" : {
  },
  "auditName" : "Kiuwan default audit",
  "date" : "2021-04-05T00:53:14Z",
  "description" : "",
  "encoding" : "UTF-8",
  "label" : "#14",
  "languages" : [ {
    "name" : "html",
    "size" : 26.0
  }, {
    "name" : "java",
    "size" : 634.0
  }, {
    "name" : "javascript",
    "size" : 39.0
  } ],
  "modelId" : 59203,
  "name" : "ms-core-archetype",
  "ordered_by" : "Christian Mora",
  "quality_model" : "CQM"
}